Workbook

Sheet DanhSachBaoCao
A1: Mã TG | B1: Tên | C1: Khoa | D1: Tên báo cáo | E1: Phòng | F1: Thù lao | G1: Loại TG
A2: TG001 | B2: Nguyễn Minh Anh | C2: CNTT | D2: Ứng dụng học máy dự đoán nguy cơ bỏ học của sinh viên | E2: =IFERROR(VLOOKUP($A2,DanhMucPhong!$A:$C,2,FALSE()),"Chưa xếp phòng") -> P.A101 | F2: =IFERROR(VLOOKUP($A2,DanhMucPhong!$A:$C,3,FALSE()),0) -> 1000000 | G2: Nội bộ
A3: TG002 | B3: Trần Quốc Bảo | C3: CNTT | D3: Hệ thống gợi ý tài liệu học tập dựa trên đồ thị tri thức | E3: =IFERROR(VLOOKUP($A3,DanhMucPhong!$A:$C,2,FALSE()),"Chưa xếp phòng") -> P.A102 | F3: =IFERROR(VLOOKUP($A3,DanhMucPhong!$A:$C,3,FALSE()),0) -> 800000 | G3: Nội bộ
A4: TG003 | B4: Lê Thị Cẩm | C4: CNTT | D4: Tối ưu truy vấn cơ sở dữ liệu lớn cho thư viện số | E4: =IFERROR(VLOOKUP($A4,DanhMucPhong!$A:$C,2,FALSE()),"Chưa xếp phòng") -> P.B201 | F4: =IFERROR(VLOOKUP($A4,DanhMucPhong!$A:$C,3,FALSE()),0) -> 800000 | G4: Nội bộ
A5: TG004 | B5: Phạm Đức Dũng | C5: CNTT | D5: Chatbot hỗ trợ tư vấn tuyển sinh bằng mô hình ngôn ngữ | E5: =IFERROR(VLOOKUP($A5,DanhMucPhong!$A:$C,2,FALSE()),"Chưa xếp phòng") -> P.B202 | F5: =IFERROR(VLOOKUP($A5,DanhMucPhong!$A:$C,3,FALSE()),0) -> 800000 | G5: Nội bộ
A6: TG005 | B6: Hoàng Thu Hà | C6: CNTT | D6: Phát hiện tin giả tiếng Việt bằng học sâu | E6: =IFERROR(VLOOKUP($A6,DanhMucPhong!$A:$C,2,FALSE()),"Chưa xếp phòng") -> P.A101 | F6: =IFERROR(VLOOKUP($A6,DanhMucPhong!$A:$C,3,FALSE()),0) -> 500000 | G6: Nội bộ
A7: TG006 | B7: Vũ Hải Long | C7: CNTT | D7: Kiến trúc microservices cho hệ thống quản lý ký túc xá | E7: =IFERROR(VLOOKUP($A7,DanhMucPhong!$A:$C,2,FALSE()),"Chưa xếp phòng") -> P.A102 | F7: =IFERROR(VLOOKUP($A7,DanhMucPhong!$A:$C,3,FALSE()),0) -> 500000 | G7: Nội bộ
A8: TG007 | B8: Đặng Ngọc Mai | C8: CNTT | D8: Nhận dạng chữ viết tay tiếng Việt trên thiết bị di động | E8: =IFERROR(VLOOKUP($A8,DanhMucPhong!$A:$C,2,FALSE()),"Chưa xếp phòng") -> P.B201 | F8: =IFERROR(VLOOKUP($A8,DanhMucPhong!$A:$C,3,FALSE()),0) -> 500000 | G8: Nội bộ
A9: TG008 | B9: Bùi Anh Tuấn | C9: CNTT | D9: Tự động hóa kiểm thử giao diện web bằng AI | E9: =IFERROR(VLOOKUP($A9,DanhMucPhong!$A:$C,2,FALSE()),"Chưa xếp phòng") -> P.B202 | F9: =IFERROR(VLOOKUP($A9,DanhMucPhong!$A:$C,3,FALSE()),0) -> 500000 | G9: Nội bộ
A10: TG009 | B10: Nguyễn Hữu Phúc | C10: ATTT | D10: Phát hiện xâm nhập mạng bằng học máy không giám sát | E10: =IFERROR(VLOOKUP($A10,DanhMucPhong!$A:$C,2,FALSE()),"Chưa xếp phòng") -> P.A101 | F10: =IFERROR(VLOOKUP($A10,DanhMucPhong!$A:$C,3,FALSE()),0) -> 500000 | G10: Nội bộ
A11: TG010 | B11: Trần Thanh Hương | C11: ATTT | D11: Đánh giá an toàn ứng dụng web theo OWASP Top 10 | E11: =IFERROR(VLOOKUP($A11,DanhMucPhong!$A:$C,2,FALSE()),"Chưa xếp phòng") -> P.A102 | F11: =IFERROR(VLOOKUP($A11,DanhMucPhong!$A:$C,3,FALSE()),0) -> 500000 | G11: Nội bộ
A12: TG011 | B12: Lê Văn Khánh | C12: ATTT | D12: Mã hóa đồng cấu và bảo vệ dữ liệu y tế | E12: =IFERROR(VLOOKUP($A12,DanhMucPhong!$A:$C,2,FALSE()),"Chưa xếp phòng") -> P.B201 | F12: =IFERROR(VLOOKUP($A12,DanhMucPhong!$A:$C,3,FALSE()),0) -> 500000 | G12: Nội bộ
A13: TG012 | B13: Phạm Gia Linh | C13: ATTT | D13: Phòng chống lừa đảo trực tuyến qua tin nhắn SMS | E13: =IFERROR(VLOOKUP($A13,DanhMucPhong!$A:$C,2,FALSE()),"Chưa xếp phòng") -> P.B202 | F13: =IFERROR(VLOOKUP($A13,DanhMucPhong!$A:$C,3,FALSE()),0) -> 500000 | G13: Nội bộ
... A31: TG030 | B31: ThS. Đinh Thu Trang | C31: Khách mời | D31: Đạo đức nghiên cứu và liêm chính học thuật | E31: =IFERROR(VLOOKUP($A31,DanhMucPhong!$A:$C,2,FALSE()),"Chưa xếp phòng") -> Chưa xếp phòng | F31: =IFERROR(VLOOKUP($A31,DanhMucPhong!$A:$C,3,FALSE()),0) -> 0 | G31: Mời ngoài
D34: Tổng số báo cáo (theo bộ lọc hiện tại) | E34: =SUBTOTAL(103,A2:A31) -> 30
D35: Tổng thù lao, VNĐ (theo bộ lọc hiện tại) | E35: =SUBTOTAL(109,F2:F31) -> 13900000
D36: Số báo cáo chưa xếp phòng (toàn bảng) | E36: =COUNTIF(E2:E31,"Chưa xếp phòng") -> 5
D38: Khoa (nguồn cho biểu đồ) | E38: Số báo cáo
D39: CNTT | E39: =COUNTIF($C$2:$C$31,D39) -> 8
D40: ATTT | E40: =COUNTIF($C$2:$C$31,D40) -> 5
D41: Viễn thông | E41: =COUNTIF($C$2:$C$31,D41) -> 4
D42: Điện tử | E42: =COUNTIF($C$2:$C$31,D42) -> 3
D43: Đa phương tiện | E43: =COUNTIF($C$2:$C$31,D43) -> 3
D44: QTKD | E44: =COUNTIF($C$2:$C$31,D44) -> 2
D45: Khách mời | E45: =COUNTIF($C$2:$C$31,D45) -> 5
A47: Ghi chú: toàn bộ dữ liệu là dữ liệu mẫu do người làm bài tự bổ sung (đề không cho sẵn). Chữ xanh ở DanhMucPhong là dữ liệu nhập; cột Phòng, Thù lao là công thức VLOOKUP (khóa = Mã TG). 5 báo cáo viên mời ngoài (TG026–TG030) cố tình KHÔNG có trong DanhMucPhong để minh họa Edge Case 2: IFERROR hiển thị 'Chưa xếp phòng' và thù lao 0 thay vì báo lỗi không tìm thấy. Dòng tổng nằm ngoài bảng, dùng SUBTOTAL nên thay đổi theo AutoFilter.

Sheet DanhMucPhong
A1: Mã TG | B1: Phòng | C1: Thù lao
A2: TG001 | B2: P.A101 | C2: 1000000
A3: TG002 | B3: P.A102 | C3: 800000
A4: TG003 | B4: P.B201 | C4: 800000
A5: TG004 | B5: P.B202 | C5: 800000
A6: TG005 | B6: P.A101 | C6: 500000
A7: TG006 | B7: P.A102 | C7: 500000
A8: TG007 | B8: P.B201 | C8: 500000
A9: TG008 | B9: P.B202 | C9: 500000
A10: TG009 | B10: P.A101 | C10: 500000
A11: TG010 | B11: P.A102 | C11: 500000
A12: TG011 | B12: P.B201 | C12: 500000
A13: TG012 | B13: P.B202 | C13: 500000
... A26: TG025 | B26: P.A101 | C26: 500000
